{
  "agentScaffoldToOrganismMock.defs.ts": [],
  "agentScaffoldToOrganismMock.test.ts": [
    "./_100554_tsTestAST"
  ],
  "agentScaffoldToOrganismMock.ts": [
    "./_100554_aiAgentBase",
    "./_100554_aiPrompts",
    "./_100554_collabLibModel",
    "./_100554_libCommom",
    "./_100554_collabState",
    "./_100554_serviceSource",
    "./_100554_aiAgentHelper",
    "./_100554_aiAgentOrchestration"
  ],
  "agentUpdateMocks.defs.ts": [],
  "agentUpdateMocks.test.ts": [
    "./_100554_tsTestAST"
  ],
  "agentUpdateMocks.ts": [
    "./_100554_aiAgentBase",
    "./_100554_aiPrompts",
    "./_100554_collabLibModel",
    "./_100554_collabImport",
    "./_100554_aiAgentHelper",
    "./_100554_aiAgentOrchestration"
  ],
  "agentUpdateTemporaryEndpoints.defs.ts": [],
  "agentUpdateTemporaryEndpoints.test.ts": [
    "./_100554_tsTestAST"
  ],
  "agentUpdateTemporaryEndpoints.ts": [
    "./_100554_aiAgentBase",
    "./_100554_aiPrompts",
    "./_100554_collabLibModel",
    "./_100554_aiAgentHelper",
    "./_100554_aiAgentOrchestration"
  ],
  "agentUpdateTemporaryEndpoints2.defs.ts": [],
  "agentUpdateTemporaryEndpoints2.test.ts": [
    "./_100554_tsTestAST"
  ],
  "agentUpdateTemporaryEndpoints2.ts": [
    "./_100554_aiAgentBase",
    "./_100554_aiPrompts",
    "./_100554_collabLibModel",
    "./_100554_aiAgentHelper",
    "./_100554_aiAgentOrchestration"
  ],
  "aura.defs.ts": [],
  "aura.test.ts": [
    "./_100554_tsTestAST"
  ],
  "aura.ts": [],
  "build.defs.ts": [],
  "build.test.ts": [
    "./_100554_tsTestAST"
  ],
  "build.ts": [
    "./_100554_collabLibModel",
    "./_100554_collabLibStor",
    "./_100554_designSystemBase",
    "./_100554_libCompile",
    "./_100554_libCommom",
    "./_100554_utilsLit"
  ],
  "collabAuraLiveView.defs.ts": [],
  "collabAuraLiveView.test.ts": [
    "./_100554_tsTestAST"
  ],
  "collabAuraLiveView.ts": [
    "lit",
    "lit/decorators.js",
    "./_100554_collabLitElement",
    "./_102020_build",
    "./_100554_libCommom",
    "./_100554_collabNav4Menu"
  ],
  "designSystem.defs.ts": [],
  "designSystem.test.ts": [
    "./_100554_tsTestAST"
  ],
  "designSystem.ts": [
    "./_100554_designSystemBase"
  ],
  "project.defs.ts": [],
  "project.test.ts": [
    "./_100554_tsTestAST"
  ],
  "project.ts": [],
  "start.defs.ts": [],
  "start.test.ts": [
    "./_100554_tsTestAST"
  ],
  "start.ts": []
}