{
  "agentScaffoldToOrganismMock.defs.ts": [],
  "agentScaffoldToOrganismMock.test.ts": [
    "./_100554_tsTestAST"
  ],
  "agentScaffoldToOrganismMock.ts": [
    "/_100554_/l2/aiAgentBase",
    "/_100554_/l2/aiPrompts",
    "/_100554_/l2/collabLibModel",
    "/_100554_/l2/libCommom",
    "/_100554_/l2/collabState",
    "/_100554_/l2/serviceSource",
    "/_100554_/l2/aiAgentHelper",
    "/_100554_/l2/aiAgentOrchestration"
  ],
  "agentUpdateMocks.defs.ts": [],
  "agentUpdateMocks.test.ts": [
    "./_100554_tsTestAST"
  ],
  "agentUpdateMocks.ts": [
    "/_100554_/l2/aiAgentBase",
    "/_100554_/l2/aiPrompts",
    "/_100554_/l2/collabLibModel",
    "/_100554_/l2/collabImport",
    "/_100554_/l2/collabState",
    "/_100554_/l2/serviceSource",
    "/_100554_/l2/aiAgentHelper",
    "/_100554_/l2/aiAgentOrchestration"
  ],
  "agentUpdateTemporaryEndpoints.defs.ts": [],
  "agentUpdateTemporaryEndpoints.test.ts": [
    "./_100554_tsTestAST"
  ],
  "agentUpdateTemporaryEndpoints.ts": [
    "/_100554_/l2/aiAgentBase",
    "/_100554_/l2/aiPrompts",
    "/_100554_/l2/collabLibModel",
    "/_100554_/l2/aiAgentHelper",
    "/_100554_/l2/aiAgentOrchestration"
  ],
  "agentUpdateTemporaryEndpoints2.defs.ts": [],
  "agentUpdateTemporaryEndpoints2.test.ts": [
    "./_100554_tsTestAST"
  ],
  "agentUpdateTemporaryEndpoints2.ts": [
    "/_100554_/l2/aiAgentBase",
    "/_100554_/l2/aiPrompts",
    "/_100554_/l2/collabLibModel",
    "/_100554_/l2/aiAgentHelper",
    "/_100554_/l2/aiAgentOrchestration"
  ],
  "aura.defs.ts": [],
  "aura.test.ts": [
    "./_100554_tsTestAST"
  ],
  "aura.ts": [],
  "build.defs.ts": [],
  "build.test.ts": [
    "./_100554_tsTestAST"
  ],
  "build.ts": [
    "/_100554_/l2/collabLibModel",
    "/_100554_/l2/collabLibStor",
    "/_100554_/l2/designSystemBase",
    "/_100554_/l2/libCompile",
    "/_100554_/l2/libCommom",
    "/_100554_/l2/utilsLit"
  ],
  "collabAuraLiveView.defs.ts": [],
  "collabAuraLiveView.test.ts": [
    "./_100554_tsTestAST"
  ],
  "collabAuraLiveView.ts": [
    "lit",
    "lit/decorators.js",
    "/_100554_/l2/collabLitElement",
    "/_102020_/l2/build",
    "/_100554_/l2/libCommom",
    "/_100554_/l2/collabNav4Menu"
  ],
  "designSystem.defs.ts": [],
  "designSystem.test.ts": [
    "./_100554_tsTestAST"
  ],
  "designSystem.ts": [
    "/_100554_/l2/designSystemBase"
  ],
  "project.defs.ts": [],
  "project.test.ts": [
    "./_100554_tsTestAST"
  ],
  "project.ts": [],
  "start.defs.ts": [],
  "start.test.ts": [
    "./_100554_tsTestAST"
  ],
  "start.ts": []
}