{
  "lastModified": "2025-12-16T18:25:13.818Z",
  "files": [
    {
      "shortPath": "l0/README.md",
      "versionRef": "a54b9f628f12b6f4e3b499c2efde9df824f152bd",
      "Length": 1430,
      "update_at": "2025-11-06T11:59:21.000Z"
    },
    {
      "shortPath": "l2/agents/agentNewPrototype.defs.ts",
      "versionRef": "e7bba4562fa4b85f71d88ec6ee08d1309c39b365",
      "Length": 97,
      "update_at": "2025-12-11T20:38:29.000Z"
    },
    {
      "shortPath": "l2/agents/agentNewPrototype.html",
      "versionRef": "ee35d94a6ae72b27ba9072898d79ec6ece9c11f0",
      "Length": 1609,
      "update_at": "2025-12-11T20:38:30.000Z"
    },
    {
      "shortPath": "l2/agents/agentNewPrototype.less",
      "versionRef": "3e60b71705f8f1e671088c576afa20e1e125d02e",
      "Length": 169,
      "update_at": "2025-12-11T20:38:30.000Z"
    },
    {
      "shortPath": "l2/agents/agentNewPrototype.test.ts",
      "versionRef": "7ded8eeec8186cd32e85cfa27a369f9644d7fcd3",
      "Length": 271,
      "update_at": "2025-12-11T20:38:31.000Z"
    },
    {
      "shortPath": "l2/agents/agentNewPrototype.ts",
      "versionRef": "f9b0b940dd5ecf697b7a098d69446bab5fea2c10",
      "Length": 6980,
      "update_at": "2025-12-16T00:48:02.000Z"
    },
    {
      "shortPath": "l2/agents/agentNewPrototype2.defs.ts",
      "versionRef": "6460a83f7a2eeb7d783538a747616fd5169bb692",
      "Length": 98,
      "update_at": "2025-12-11T20:38:18.000Z"
    },
    {
      "shortPath": "l2/agents/agentNewPrototype2.html",
      "versionRef": "3fd77fbe203ba899ccc33f4d8a5926e4c5a6e1e2",
      "Length": 2740,
      "update_at": "2025-12-11T20:38:19.000Z"
    },
    {
      "shortPath": "l2/agents/agentNewPrototype2.less",
      "versionRef": "359186494558cecd1dfa5ec2a3c5d85fc7cf87eb",
      "Length": 171,
      "update_at": "2025-12-11T20:38:19.000Z"
    },
    {
      "shortPath": "l2/agents/agentNewPrototype2.test.ts",
      "versionRef": "c580f8f28837e217fdc7fc1b12fadc41fb2bc146",
      "Length": 272,
      "update_at": "2025-12-11T20:38:20.000Z"
    },
    {
      "shortPath": "l2/agents/agentNewPrototype2.ts",
      "versionRef": "f64963adfe2e3ae16c11ba9649ba05cbe7b2b188",
      "Length": 9307,
      "update_at": "2025-12-11T21:03:27.000Z"
    },
    {
      "shortPath": "l2/agents/agentNewPrototype3.defs.ts",
      "versionRef": "0eabeaee94d08ac65320d6e37416f3e0bda662d9",
      "Length": 98,
      "update_at": "2025-12-11T20:38:22.000Z"
    },
    {
      "shortPath": "l2/agents/agentNewPrototype3.html",
      "versionRef": "b128aca61d6f7657d4bceef2299d282da81e8f13",
      "Length": 7934,
      "update_at": "2025-12-16T18:24:30.000Z"
    },
    {
      "shortPath": "l2/agents/agentNewPrototype3.less",
      "versionRef": "6cc5b28c56fc72449e6a04867568414728abacd5",
      "Length": 171,
      "update_at": "2025-12-11T20:38:23.000Z"
    },
    {
      "shortPath": "l2/agents/agentNewPrototype3.test.ts",
      "versionRef": "a5aa5be08164d638c3eff59e792a290dff20644c",
      "Length": 272,
      "update_at": "2025-12-11T20:38:24.000Z"
    },
    {
      "shortPath": "l2/agents/agentNewPrototype3.ts",
      "versionRef": "b522900765fad3eb38806c033d4cd35ee9cc7924",
      "Length": 11872,
      "update_at": "2025-12-16T18:24:31.000Z"
    },
    {
      "shortPath": "l2/agents/agentNewPrototype4.defs.ts",
      "versionRef": "263091f47ff37842ee334dd16f787684c2483692",
      "Length": 98,
      "update_at": "2025-12-11T20:38:25.000Z"
    },
    {
      "shortPath": "l2/agents/agentNewPrototype4.html",
      "versionRef": "6b08dda820dc12b6e6677cc9ef14139092eb74e6",
      "Length": 4315,
      "update_at": "2025-12-16T00:48:05.000Z"
    },
    {
      "shortPath": "l2/agents/agentNewPrototype4.less",
      "versionRef": "fb9b662c6f04b013c8e162e42c36a1c2ecd21bc7",
      "Length": 171,
      "update_at": "2025-12-11T20:38:27.000Z"
    },
    {
      "shortPath": "l2/agents/agentNewPrototype4.test.ts",
      "versionRef": "cbcfabf6431c0347c74e475f78b681f39e53bcaa",
      "Length": 272,
      "update_at": "2025-12-11T20:38:27.000Z"
    },
    {
      "shortPath": "l2/agents/agentNewPrototype4.ts",
      "versionRef": "d4c3c65758fb761d69372fef7c2ae07b93319dbe",
      "Length": 72252,
      "update_at": "2025-12-16T18:24:33.000Z"
    },
    {
      "shortPath": "l2/agents/agentNewPrototypeFeedback.defs.ts",
      "versionRef": "6a146181a53666ce3eca2ac511c688f426c2dc97",
      "Length": 105,
      "update_at": "2025-12-11T20:49:06.000Z"
    },
    {
      "shortPath": "l2/agents/agentNewPrototypeFeedback.html",
      "versionRef": "6286abac79cc46f2de904effeea7d26c30ec3b39",
      "Length": 34,
      "update_at": "2025-12-11T20:49:07.000Z"
    },
    {
      "shortPath": "l2/agents/agentNewPrototypeFeedback.less",
      "versionRef": "21666255b84654d984e574082f383f9feed04e11",
      "Length": 1094,
      "update_at": "2025-12-11T20:49:08.000Z"
    },
    {
      "shortPath": "l2/agents/agentNewPrototypeFeedback.test.ts",
      "versionRef": "f7fe4c4e66516e0f7711d0b29aa7dc9819024108",
      "Length": 279,
      "update_at": "2025-12-11T20:49:08.000Z"
    },
    {
      "shortPath": "l2/agents/agentNewPrototypeFeedback.ts",
      "versionRef": "bd90758c2502d4af1c34567a06a79d1d51487ab1",
      "Length": 12199,
      "update_at": "2025-12-11T21:03:29.000Z"
    },
    {
      "shortPath": "l2/agents/agentScaffoldToOrganismMock.defs.ts",
      "versionRef": "39efcf76cc56990cf53fffaa9e73607784a15768",
      "Length": 107,
      "update_at": "2025-12-11T20:38:33.000Z"
    },
    {
      "shortPath": "l2/agents/agentScaffoldToOrganismMock.html",
      "versionRef": "574cdd1d30e24148c496937c9accaa11503bcb7e",
      "Length": 6956,
      "update_at": "2025-12-11T20:38:33.000Z"
    },
    {
      "shortPath": "l2/agents/agentScaffoldToOrganismMock.less",
      "versionRef": "21af4473d71d459adb1b2d916531ead526e65a7b",
      "Length": 191,
      "update_at": "2025-12-11T20:38:34.000Z"
    },
    {
      "shortPath": "l2/agents/agentScaffoldToOrganismMock.test.ts",
      "versionRef": "cf05a6278114a818e26196938f370804045ab164",
      "Length": 281,
      "update_at": "2025-12-11T20:38:35.000Z"
    },
    {
      "shortPath": "l2/agents/agentScaffoldToOrganismMock.ts",
      "versionRef": "7b5f0083cbc438c424ad74fff01204ebbd32286f",
      "Length": 12200,
      "update_at": "2025-12-11T20:38:35.000Z"
    },
    {
      "shortPath": "l2/agents/agentUpdateMocks.defs.ts",
      "versionRef": "837179c57a366c0bb5a7f96eca4e018c397fc51e",
      "Length": 96,
      "update_at": "2025-12-11T20:38:36.000Z"
    },
    {
      "shortPath": "l2/agents/agentUpdateMocks.html",
      "versionRef": "45170b92ba693c171b575e385511b66c9a72e3a0",
      "Length": 3705,
      "update_at": "2025-12-11T20:38:37.000Z"
    },
    {
      "shortPath": "l2/agents/agentUpdateMocks.less",
      "versionRef": "2be3564456e9cec098f1c11ddbda8953de4c2286",
      "Length": 167,
      "update_at": "2025-12-11T20:38:38.000Z"
    },
    {
      "shortPath": "l2/agents/agentUpdateMocks.test.ts",
      "versionRef": "0e4d51f98eb16cca841f4a9a226ed55965cd038b",
      "Length": 270,
      "update_at": "2025-12-11T20:38:38.000Z"
    },
    {
      "shortPath": "l2/agents/agentUpdateMocks.ts",
      "versionRef": "774c206e77a9cc8f452d623dd35e8261c0ffa172",
      "Length": 13713,
      "update_at": "2025-12-11T20:38:39.000Z"
    },
    {
      "shortPath": "l2/agents/agentUpdateTemporaryEndpoints.defs.ts",
      "versionRef": "063bca3c5572103d2d894ea1341d8ea930bface6",
      "Length": 109,
      "update_at": "2025-12-11T20:38:44.000Z"
    },
    {
      "shortPath": "l2/agents/agentUpdateTemporaryEndpoints.html",
      "versionRef": "7c8d5c4089654b669a9ee8e04b543f106d9c5489",
      "Length": 7292,
      "update_at": "2025-12-11T20:38:44.000Z"
    },
    {
      "shortPath": "l2/agents/agentUpdateTemporaryEndpoints.less",
      "versionRef": "642d6fbe3ef70105edca47242b857d8656ce4245",
      "Length": 194,
      "update_at": "2025-12-11T20:38:45.000Z"
    },
    {
      "shortPath": "l2/agents/agentUpdateTemporaryEndpoints.test.ts",
      "versionRef": "f61bde143db90e14f3adf424208c10ba922d41c2",
      "Length": 283,
      "update_at": "2025-12-11T20:38:46.000Z"
    },
    {
      "shortPath": "l2/agents/agentUpdateTemporaryEndpoints.ts",
      "versionRef": "d5c684847f9695611a0401221c98fcba8e74d47c",
      "Length": 17213,
      "update_at": "2025-12-11T20:38:46.000Z"
    },
    {
      "shortPath": "l2/agents/agentUpdateTemporaryEndpoints2.defs.ts",
      "versionRef": "32668efa0f4cb2ce166ec7a16d438824e3f1a60f",
      "Length": 110,
      "update_at": "2025-12-11T20:38:40.000Z"
    },
    {
      "shortPath": "l2/agents/agentUpdateTemporaryEndpoints2.html",
      "versionRef": "adc6cab4d1f044bea3d5bb7ab1e01dc0d020fcc3",
      "Length": 3310,
      "update_at": "2025-12-11T20:38:41.000Z"
    },
    {
      "shortPath": "l2/agents/agentUpdateTemporaryEndpoints2.less",
      "versionRef": "280a9dec6b1d753bdd29db8fc011092f95b0acc3",
      "Length": 196,
      "update_at": "2025-12-11T20:38:41.000Z"
    },
    {
      "shortPath": "l2/agents/agentUpdateTemporaryEndpoints2.test.ts",
      "versionRef": "2a4ee6228d16ec248739a76b0513e815230bb2bd",
      "Length": 284,
      "update_at": "2025-12-11T20:38:42.000Z"
    },
    {
      "shortPath": "l2/agents/agentUpdateTemporaryEndpoints2.ts",
      "versionRef": "3f3939ff5a5ea997ee38bc2cf71af5622e5788f5",
      "Length": 23805,
      "update_at": "2025-12-11T20:38:43.000Z"
    },
    {
      "shortPath": "l2/aura.defs.ts",
      "versionRef": "2f414ccb47ab448408bf2ff5c505d70abedf4728",
      "Length": 78,
      "update_at": "2025-11-11T18:26:31.000Z"
    },
    {
      "shortPath": "l2/aura.html",
      "versionRef": "9fa77f98acb4a3deaeaa9c237e6f082269712da9",
      "Length": 13,
      "update_at": "2025-11-11T18:26:31.000Z"
    },
    {
      "shortPath": "l2/aura.less",
      "versionRef": "273ad395b0f74dd78cdf555eb35bcd16882c6909",
      "Length": 127,
      "update_at": "2025-11-11T18:26:31.000Z"
    },
    {
      "shortPath": "l2/aura.test.ts",
      "versionRef": "d80a2bfa61d6164d825bd61cdfe11dc8afc1bb3e",
      "Length": 246,
      "update_at": "2025-11-11T18:26:31.000Z"
    },
    {
      "shortPath": "l2/aura.ts",
      "versionRef": "40d47774126675dee04c69d715f65e56a6e29828",
      "Length": 2321,
      "update_at": "2025-11-26T18:35:02.000Z"
    },
    {
      "shortPath": "l2/build.defs.ts",
      "versionRef": "5168f55efb0438bae4cbddbd351ea064df3d7e78",
      "Length": 79,
      "update_at": "2025-11-06T12:00:35.000Z"
    },
    {
      "shortPath": "l2/build.html",
      "versionRef": "1215ee50a0841469bcb4b7a9105e26ef8d9a7ae9",
      "Length": 14,
      "update_at": "2025-11-06T12:00:35.000Z"
    },
    {
      "shortPath": "l2/build.less",
      "versionRef": "e5f86f3f5765f4d15205ac9f83272a07570a3738",
      "Length": 129,
      "update_at": "2025-11-06T12:00:35.000Z"
    },
    {
      "shortPath": "l2/build.test.ts",
      "versionRef": "3ef9aa189e0f328405cded5e673e1aeaf3ad5ded",
      "Length": 247,
      "update_at": "2025-11-06T12:00:35.000Z"
    },
    {
      "shortPath": "l2/build.ts",
      "versionRef": "fc1792b2c9876bb066a343a2d0b198649953313a",
      "Length": 22622,
      "update_at": "2025-12-16T13:08:24.000Z"
    },
    {
      "shortPath": "l2/collabAuraLiveView.defs.ts",
      "versionRef": "d967e8a039b323db1d337c9c69eed241cbdfecc4",
      "Length": 92,
      "update_at": "2025-11-07T14:23:29.000Z"
    },
    {
      "shortPath": "l2/collabAuraLiveView.html",
      "versionRef": "0f9a6679e70e5dff63310f3a6b133a549ea1c4f1",
      "Length": 27,
      "update_at": "2025-11-07T14:23:29.000Z"
    },
    {
      "shortPath": "l2/collabAuraLiveView.less",
      "versionRef": "db7a4b408f0c016008d6923a44fcfc98821a61ef",
      "Length": 1454,
      "update_at": "2025-11-07T14:23:29.000Z"
    },
    {
      "shortPath": "l2/collabAuraLiveView.test.ts",
      "versionRef": "54bba240df2800b8efec04be0f3497886b30106d",
      "Length": 260,
      "update_at": "2025-11-07T14:23:29.000Z"
    },
    {
      "shortPath": "l2/collabAuraLiveView.ts",
      "versionRef": "9d15ac2dbf2d8a93699fa445e61eee8f1cf5e614",
      "Length": 18551,
      "update_at": "2025-12-16T13:08:25.000Z"
    },
    {
      "shortPath": "l2/designSystem.defs.ts",
      "versionRef": "162b28f3fc62ce74751a001b8796ff8e584e7df6",
      "Length": 86,
      "update_at": "2025-11-05T17:53:07.000Z"
    },
    {
      "shortPath": "l2/designSystem.html",
      "versionRef": "407e94c1cf19a0a3117d9d391bd2a1dcb58b4471",
      "Length": 21,
      "update_at": "2025-11-05T17:53:07.000Z"
    },
    {
      "shortPath": "l2/designSystem.less",
      "versionRef": "3f96c78a9a27af1754490b9294a3e77d2b5725c4",
      "Length": 144,
      "update_at": "2025-11-05T17:53:07.000Z"
    },
    {
      "shortPath": "l2/designSystem.test.ts",
      "versionRef": "61b0f520275d742c7959d1d6bc0cee571d4e6f56",
      "Length": 254,
      "update_at": "2025-11-05T17:53:07.000Z"
    },
    {
      "shortPath": "l2/designSystem.ts",
      "versionRef": "1ce274e4091bfc8e59f4ed03bbfb5a129ebe3d43",
      "Length": 16184,
      "update_at": "2025-12-05T18:03:28.000Z"
    },
    {
      "shortPath": "l2/enhancementAura.defs.ts",
      "versionRef": "a407a09f1c9b18148b6448a022f93518af529fda",
      "Length": 89,
      "update_at": "2025-12-11T20:38:47.000Z"
    },
    {
      "shortPath": "l2/enhancementAura.html",
      "versionRef": "75fb47e02a78b8d7e7139cf04fe6bc0e0b9d0964",
      "Length": 24,
      "update_at": "2025-12-11T20:38:48.000Z"
    },
    {
      "shortPath": "l2/enhancementAura.less",
      "versionRef": "ae2c1a8db4a8306fa6fec21533d0038882e62d88",
      "Length": 150,
      "update_at": "2025-12-11T20:38:49.000Z"
    },
    {
      "shortPath": "l2/enhancementAura.test.ts",
      "versionRef": "350bdb365593c115e0c65312770ea8fb57c0500f",
      "Length": 263,
      "update_at": "2025-12-11T20:38:49.000Z"
    },
    {
      "shortPath": "l2/enhancementAura.ts",
      "versionRef": "c05fbbc1b91ac440504ae0ac268e6c321ea190ef",
      "Length": 2874,
      "update_at": "2025-12-11T20:38:50.000Z"
    },
    {
      "shortPath": "l2/project.defs.ts",
      "versionRef": "8af52f90b84f480da33558f1fe35a2f936142188",
      "Length": 81,
      "update_at": "2025-11-05T17:53:07.000Z"
    },
    {
      "shortPath": "l2/project.html",
      "versionRef": "88a90cf32ef33346febb29387541246b1be9a2e0",
      "Length": 16,
      "update_at": "2025-11-05T17:53:07.000Z"
    },
    {
      "shortPath": "l2/project.less",
      "versionRef": "6d002a636dba3bd66fcceb14331ac94c0384681b",
      "Length": 112,
      "update_at": "2025-12-16T18:24:34.000Z"
    },
    {
      "shortPath": "l2/project.test.ts",
      "versionRef": "fef8c08834b2a8e1951bf57e3f038114446734f4",
      "Length": 249,
      "update_at": "2025-11-05T17:53:07.000Z"
    },
    {
      "shortPath": "l2/project.ts",
      "versionRef": "ba1249912b675ebe4cc7a0d129fb93fcfd985c59",
      "Length": 138,
      "update_at": "2025-12-16T18:24:35.000Z"
    },
    {
      "shortPath": "l2/start.defs.ts",
      "versionRef": "1764011cb03362b7aa76acd8882124d6dcf7c57e",
      "Length": 79,
      "update_at": "2025-11-07T14:23:29.000Z"
    },
    {
      "shortPath": "l2/start.html",
      "versionRef": "df55f07ba1524decf5e7f0d4625b01ba5cd62b21",
      "Length": 14,
      "update_at": "2025-11-07T14:23:29.000Z"
    },
    {
      "shortPath": "l2/start.less",
      "versionRef": "575f949172c7d2f7a416712afa7b9653f6578c88",
      "Length": 129,
      "update_at": "2025-11-07T14:23:29.000Z"
    },
    {
      "shortPath": "l2/start.test.ts",
      "versionRef": "123371b9add82f1d09958c23d253136072535d28",
      "Length": 247,
      "update_at": "2025-11-07T14:23:29.000Z"
    },
    {
      "shortPath": "l2/start.ts",
      "versionRef": "e3c1c1e0213d16d496e9ab4f04e224bd19618879",
      "Length": 135,
      "update_at": "2025-11-11T18:26:31.000Z"
    },
    {
      "shortPath": "l5/project.json",
      "versionRef": "dd83bc42f62f3501e7ace249f2769b1dc75a71c1",
      "Length": 375,
      "update_at": "2025-11-05T17:53:07.000Z"
    },
    {
      "shortPath": "l0/package.json",
      "versionRef": "a598ab0d69e931c609dca8a8d9a73dfb45e0c459",
      "Length": 470,
      "update_at": "2025-11-05T17:52:42.000Z"
    },
    {
      "shortPath": "l0/tsconfig.json",
      "versionRef": "f631a300b5933b05930cd9f4bcd1b72ee38178e4",
      "Length": 1042,
      "update_at": "2025-12-04T19:26:18.000Z"
    }
  ]
}